{"stats":{"minecraft:killed_by":{"mowziesmobs:umvuthana_follower_raptor":1,"minecraft:zombie":1},"minecraft:picked_up":{"biomesoplenty:toadstool":2,"minecraft:raw_iron":3,"minecraft:crafting_table":1,"minecraft:torch":2,"minecraft:oak_log":67,"minecraft:carrot":22,"mekanism:raw_tin":1,"minecraft:moss_carpet":7,"minecraft:dirt":32,"minecraft:raw_copper":87,"ars_nouveau:green_archwood_log":9,"immersiveengineering:seed":4,"minecraft:wheat_seeds":3,"minecraft:bread":25,"minecraft:oak_sapling":8,"twigs:twig":7,"minecraft:coal":60,"alexsmobs:flying_fish":1,"minecraft:cobblestone":182},"minecraft:mined":{"ars_nouveau:green_archwood_log":9,"minecraft:iron_ore":3,"farmersdelight:wild_carrots":15,"minecraft:moss_carpet":1,"minecraft:torch":2,"minecraft:crafting_table":1,"minecraft:grass":19,"minecraft:grass_block":7,"minecraft:oak_log":68,"minecraft:coal_ore":61,"mekanism:tin_ore":1,"minecraft:dirt":3,"minecraft:cobblestone":2,"minecraft:copper_ore":25,"minecraft:stone":179,"minecraft:oak_leaves":11},"minecraft:crafted":{"minecraft:oak_planks":132,"minecraft:crafting_table":4,"minecraft:stick":50,"minecraft:wooden_pickaxe":1,"minecraft:stone_pickaxe":2,"minecraft:wooden_axe":1,"minecraft:torch":96,"minecraft:stone_axe":1},"minecraft:custom":{"minecraft:time_since_rest":6185,"minecraft:sprint_one_cm":112462,"minecraft:damage_taken":579,"minecraft:walk_one_cm":149793,"minecraft:drop":7,"minecraft:damage_dealt":20,"minecraft:interact_with_crafting_table":8,"minecraft:swim_one_cm":1826,"minecraft:fly_one_cm":118180,"minecraft:open_barrel":5,"minecraft:open_chest":2,"minecraft:crouch_one_cm":1216,"minecraft:play_time":58242,"minecraft:deaths":2,"minecraft:sneak_time":352,"minecraft:walk_under_water_one_cm":916,"minecraft:boat_one_cm":11621,"minecraft:jump":671,"minecraft:damage_dealt_resisted":1,"minecraft:leave_game":4,"minecraft:time_since_death":52909,"minecraft:walk_on_water_one_cm":624,"minecraft:sleep_in_bed":2,"minecraft:total_world_time":58242,"minecraft:climb_one_cm":786,"minecraft:fall_one_cm":8722},"minecraft:dropped":{"minecraft:carrot":7},"minecraft:used":{"minecraft:wooden_axe":64,"minecraft:stone_pickaxe":262,"minecraft:bread":2,"minecraft:wooden_pickaxe":9,"minecraft:torch":42,"minecraft:stone_axe":1,"minecraft:cobblestone":18,"minecraft:crafting_table":5,"minecraft:carrot":5},"minecraft:broken":{"minecraft:stone_pickaxe":2,"minecraft:wooden_axe":1}},"DataVersion":3465}