{"stats":{"minecraft:killed_by":{"mowziesmobs:umvuthana_follower_raptor":1,"minecraft:zombie":1},"minecraft:picked_up":{"biomesoplenty:toadstool":2,"minecraft:raw_iron":3,"minecraft:crafting_table":1,"minecraft:oak_log":67,"minecraft:carrot":22,"mekanism:raw_tin":1,"minecraft:moss_carpet":7,"minecraft:dirt":32,"minecraft:raw_copper":87,"ars_nouveau:green_archwood_log":9,"immersiveengineering:seed":4,"minecraft:wheat_seeds":3,"minecraft:bread":25,"minecraft:oak_sapling":8,"twigs:twig":7,"minecraft:coal":60,"minecraft:cobblestone":179},"minecraft:mined":{"ars_nouveau:green_archwood_log":9,"minecraft:iron_ore":3,"farmersdelight:wild_carrots":15,"minecraft:moss_carpet":1,"minecraft:crafting_table":1,"minecraft:grass":19,"minecraft:grass_block":7,"minecraft:oak_log":68,"minecraft:coal_ore":61,"mekanism:tin_ore":1,"minecraft:dirt":3,"minecraft:copper_ore":25,"minecraft:stone":178,"minecraft:oak_leaves":11},"minecraft:crafted":{"minecraft:oak_planks":132,"minecraft:crafting_table":2,"minecraft:stick":20,"minecraft:wooden_pickaxe":1,"minecraft:stone_pickaxe":2,"minecraft:wooden_axe":1,"minecraft:torch":40,"minecraft:stone_axe":1},"minecraft:custom":{"minecraft:time_since_rest":8444,"minecraft:sprint_one_cm":104457,"minecraft:damage_taken":579,"minecraft:walk_one_cm":117483,"minecraft:drop":7,"minecraft:damage_dealt":20,"minecraft:interact_with_crafting_table":5,"minecraft:swim_one_cm":1826,"minecraft:fly_one_cm":106073,"minecraft:open_barrel":2,"minecraft:open_chest":1,"minecraft:crouch_one_cm":1216,"minecraft:play_time":46242,"minecraft:deaths":2,"minecraft:sneak_time":352,"minecraft:walk_under_water_one_cm":523,"minecraft:boat_one_cm":11621,"minecraft:jump":580,"minecraft:damage_dealt_resisted":1,"minecraft:leave_game":4,"minecraft:time_since_death":40909,"minecraft:walk_on_water_one_cm":511,"minecraft:sleep_in_bed":1,"minecraft:total_world_time":46242,"minecraft:climb_one_cm":390,"minecraft:fall_one_cm":7617},"minecraft:dropped":{"minecraft:carrot":7},"minecraft:used":{"minecraft:wooden_axe":64,"minecraft:stone_pickaxe":259,"minecraft:bread":2,"minecraft:wooden_pickaxe":9,"minecraft:torch":40,"minecraft:stone_axe":1,"minecraft:cobblestone":14,"minecraft:crafting_table":3,"minecraft:carrot":5},"minecraft:broken":{"minecraft:stone_pickaxe":1,"minecraft:wooden_axe":1}},"DataVersion":3465}