{"stats":{"minecraft:killed":{"minecraft:spider":2,"embers:ancient_golem":1,"minecraft:skeleton":1,"mekanismadditions:baby_skeleton":1,"minecraft:zombie":1},"minecraft:custom":{"minecraft:interact_with_furnace":15,"minecraft:mob_kills":6,"minecraft:interact_with_crafting_table":23,"minecraft:open_barrel":7,"minecraft:interact_with_loom":1,"minecraft:damage_dealt_resisted":1,"minecraft:eat_cake_slice":7,"minecraft:leave_game":7,"minecraft:time_since_death":116682,"minecraft:sleep_in_bed":4,"minecraft:climb_one_cm":1510,"minecraft:time_since_rest":2166,"minecraft:sprint_one_cm":280886,"minecraft:damage_taken":1194,"minecraft:walk_one_cm":309635,"minecraft:damage_blocked_by_shield":265,"minecraft:drop":23,"minecraft:damage_dealt":1410,"minecraft:swim_one_cm":5089,"minecraft:fly_one_cm":224118,"minecraft:open_chest":17,"minecraft:crouch_one_cm":6429,"minecraft:play_time":122015,"minecraft:deaths":2,"minecraft:sneak_time":1833,"minecraft:walk_under_water_one_cm":5656,"minecraft:boat_one_cm":11621,"minecraft:jump":1467,"minecraft:walk_on_water_one_cm":7490,"minecraft:total_world_time":122015,"minecraft:fall_one_cm":21109},"minecraft:used":{"minecraft:wheat_seeds":4,"minecraft:stone_shovel":13,"minecraft:stone_pickaxe":426,"minecraft:oak_planks":36,"immersiveengineering:seed":5,"minecraft:wooden_pickaxe":13,"minecraft:shield":10,"minecraft:stone_hoe":289,"create:copper_diving_helmet":1,"minecraft:torch":71,"minecraft:dirt":32,"minecraft:crafting_table":7,"minecraft:carrot":10,"minecraft:wooden_axe":64,"minecraft:bread":13,"minecraft:iron_pickaxe":74,"minecraft:stone_axe":18,"minecraft:cobblestone":97,"minecraft:furnace":8,"create:copper_diving_boots":1,"minecraft:cobbled_deepslate":10},"minecraft:mined":{"twigs:pebble":1,"ars_nouveau:green_archwood_log":9,"biomesoplenty:wildflower":29,"biomesoplenty:desert_grass":66,"farmersdelight:wild_carrots":15,"minecraft:torch":2,"minecraft:crafting_table":2,"upgrade_aquatic:embedded_ammonite":1,"biomesoplenty:bush":11,"minecraft:allium":3,"minecraft:grass_block":7,"mekanism:tin_ore":1,"minecraft:tall_grass":10,"minecraft:copper_ore":45,"minecraft:cobblestone":2,"botania:blue_mystical_flower":2,"minecraft:spruce_leaves":2,"minecraft:oak_planks":2,"supplementaries:urn":1,"farmersdelight:wild_onions":14,"minecraft:hay_block":13,"minecraft:furnace":4,"minecraft:iron_ore":7,"minecraft:andesite":8,"minecraft:pumpkin":1,"minecraft:moss_carpet":1,"minecraft:peony":2,"minecraft:grass":473,"minecraft:oak_log":68,"minecraft:coal_ore":75,"mekanism:lead_ore":2,"minecraft:sand":13,"minecraft:dirt":5,"minecraft:stone":367,"botania:light_blue_mystical_flower":1,"minecraft:oak_leaves":25},"minecraft:broken":{"minecraft:stone_pickaxe":2,"minecraft:wooden_axe":1},"minecraft:killed_by":{"minecraft:zombie":1,"mowziesmobs:umvuthana_follower_raptor":1},"minecraft:picked_up":{"minecraft:stripped_oak_log":1,"ars_nouveau:red_archwood_log":19,"minecraft:crafting_table":2,"minecraft:allium":33,"mekanism:raw_lead":2,"minecraft:andesite":24,"minecraft:oak_log":67,"minecraft:shield":1,"forbidden_arcanus:xpetrified_orb":1,"minecraft:dirt":34,"minecraft:string":1,"minecraft:moss_carpet":7,"minecraft:raw_copper":155,"botania:light_blue_mystical_flower":1,"minecraft:bone":4,"minecraft:wheat_seeds":54,"minecraft:candle":1,"twigs:pebble":1,"minecraft:iron_ingot":1,"upgrade_aquatic:embedded_ammonite":1,"biomesoplenty:wildflower":23,"twigs:twig":7,"minecraft:oak_planks":2,"minecraft:furnace":4,"biomesoplenty:toadstool":2,"minecraft:raw_iron":7,"minecraft:pumpkin":9,"patchouli:guide_book":1,"minecraft:torch":5,"minecraft:sand":12,"minecraft:carrot":22,"minecraft:spider_eye":2,"mekanism:raw_tin":1,"ars_nouveau:green_archwood_log":9,"minecraft:arrow":7,"immersiveengineering:seed":49,"farmersdelight:onion":13,"minecraft:peony":1,"ars_nouveau:worn_notebook":1,"botania:blue_mystical_flower":1,"minecraft:hay_block":13,"minecraft:granite":2,"embers:archaic_brick":20,"minecraft:bread":25,"minecraft:oak_sapling":8,"minecraft:coal":112,"alexsmobs:flying_fish":2,"minecraft:cobblestone":382,"embers:ancient_motive_core":1},"minecraft:crafted":{"minecraft:oak_planks":132,"create:copper_diving_boots":2,"create:andesite_alloy":4,"minecraft:stone_shovel":1,"minecraft:iron_nugget":9,"minecraft:crafting_table":5,"minecraft:wooden_pickaxe":1,"minecraft:iron_sword":1,"minecraft:furnace":6,"minecraft:copper_ingot":64,"minecraft:stone_axe":1,"minecraft:air":0,"minecraft:glass":12,"ars_nouveau:novice_spell_book":1,"minecraft:book":1,"minecraft:iron_axe":1,"minecraft:stick":86,"minecraft:stone_pickaxe":6,"minecraft:wooden_axe":1,"minecraft:stone_sword":1,"minecraft:iron_shovel":2,"create:copper_diving_helmet":2,"minecraft:torch":116,"minecraft:stone_hoe":3},"minecraft:dropped":{"minecraft:bread":12,"minecraft:oak_log":30,"minecraft:stone_sword":1,"minecraft:carrot":12,"patchouli:guide_book":1,"minecraft:mushroom_stew":4,"minecraft:stick":8,"create:copper_diving_helmet":1,"ars_nouveau:worn_notebook":2,"minecraft:torch":12,"create:copper_diving_boots":1,"minecraft:stone_pickaxe":2,"minecraft:iron_shovel":1,"minecraft:paper":8}},"DataVersion":3465}