{"stats":{"minecraft:killed":{"minecraft:spider":2,"embers:ancient_golem":1,"minecraft:skeleton":1,"mekanismadditions:baby_skeleton":1,"minecraft:zombie":1},"minecraft:custom":{"minecraft:interact_with_furnace":15,"minecraft:mob_kills":6,"minecraft:interact_with_crafting_table":22,"minecraft:open_barrel":7,"minecraft:interact_with_loom":1,"minecraft:damage_dealt_resisted":1,"minecraft:eat_cake_slice":7,"minecraft:leave_game":5,"minecraft:time_since_death":100354,"minecraft:sleep_in_bed":3,"minecraft:climb_one_cm":1510,"minecraft:time_since_rest":38844,"minecraft:sprint_one_cm":206306,"minecraft:damage_taken":1127,"minecraft:walk_one_cm":277997,"minecraft:damage_blocked_by_shield":265,"minecraft:drop":23,"minecraft:damage_dealt":1410,"minecraft:swim_one_cm":5089,"minecraft:fly_one_cm":183209,"minecraft:open_chest":12,"minecraft:crouch_one_cm":6429,"minecraft:play_time":105687,"minecraft:deaths":2,"minecraft:sneak_time":1785,"minecraft:walk_under_water_one_cm":5656,"minecraft:boat_one_cm":11621,"minecraft:jump":1230,"minecraft:walk_on_water_one_cm":7490,"minecraft:total_world_time":105687,"minecraft:fall_one_cm":17348},"minecraft:used":{"minecraft:wheat_seeds":4,"minecraft:stone_shovel":13,"minecraft:stone_pickaxe":426,"minecraft:oak_planks":36,"immersiveengineering:seed":5,"minecraft:wooden_pickaxe":13,"minecraft:shield":10,"minecraft:stone_hoe":31,"create:copper_diving_helmet":1,"minecraft:torch":71,"minecraft:dirt":32,"minecraft:crafting_table":6,"minecraft:carrot":10,"minecraft:wooden_axe":64,"minecraft:bread":9,"minecraft:iron_pickaxe":74,"minecraft:stone_axe":18,"minecraft:cobblestone":46,"minecraft:furnace":8,"create:copper_diving_boots":1,"minecraft:cobbled_deepslate":10},"minecraft:mined":{"ars_nouveau:green_archwood_log":9,"farmersdelight:wild_carrots":15,"biomesoplenty:desert_grass":1,"upgrade_aquatic:embedded_ammonite":1,"minecraft:crafting_table":2,"minecraft:torch":2,"minecraft:grass_block":7,"mekanism:tin_ore":1,"minecraft:copper_ore":45,"minecraft:cobblestone":2,"minecraft:oak_planks":2,"supplementaries:urn":1,"minecraft:furnace":4,"minecraft:iron_ore":7,"minecraft:andesite":8,"minecraft:moss_carpet":1,"minecraft:grass":20,"minecraft:oak_log":68,"minecraft:coal_ore":75,"mekanism:lead_ore":2,"minecraft:sand":13,"minecraft:dirt":5,"minecraft:stone":367,"minecraft:oak_leaves":12},"minecraft:broken":{"minecraft:stone_pickaxe":2,"minecraft:wooden_axe":1},"minecraft:killed_by":{"minecraft:zombie":1,"mowziesmobs:umvuthana_follower_raptor":1},"minecraft:picked_up":{"minecraft:stripped_oak_log":1,"minecraft:crafting_table":2,"mekanism:raw_lead":2,"minecraft:andesite":24,"minecraft:oak_log":67,"minecraft:shield":1,"forbidden_arcanus:xpetrified_orb":1,"minecraft:dirt":34,"minecraft:string":1,"minecraft:moss_carpet":7,"minecraft:raw_copper":155,"minecraft:bone":4,"minecraft:wheat_seeds":4,"minecraft:candle":1,"minecraft:iron_ingot":1,"upgrade_aquatic:embedded_ammonite":1,"twigs:twig":7,"minecraft:oak_planks":2,"minecraft:furnace":4,"biomesoplenty:toadstool":2,"minecraft:raw_iron":7,"patchouli:guide_book":1,"minecraft:torch":5,"minecraft:sand":12,"minecraft:carrot":22,"minecraft:spider_eye":2,"mekanism:raw_tin":1,"ars_nouveau:green_archwood_log":9,"minecraft:arrow":7,"immersiveengineering:seed":5,"ars_nouveau:worn_notebook":1,"embers:archaic_brick":20,"minecraft:bread":25,"minecraft:oak_sapling":8,"minecraft:coal":112,"alexsmobs:flying_fish":2,"minecraft:cobblestone":371,"embers:ancient_motive_core":1},"minecraft:crafted":{"minecraft:oak_planks":132,"create:andesite_alloy":4,"create:copper_diving_boots":2,"minecraft:stone_shovel":1,"minecraft:iron_nugget":9,"minecraft:crafting_table":4,"minecraft:wooden_pickaxe":1,"minecraft:iron_sword":1,"minecraft:furnace":6,"minecraft:copper_ingot":64,"minecraft:stone_axe":1,"minecraft:air":0,"minecraft:glass":12,"ars_nouveau:novice_spell_book":1,"minecraft:book":1,"minecraft:iron_axe":1,"minecraft:stick":82,"minecraft:stone_pickaxe":6,"minecraft:wooden_axe":1,"minecraft:stone_sword":1,"minecraft:iron_shovel":2,"create:copper_diving_helmet":2,"minecraft:torch":116,"minecraft:stone_hoe":1},"minecraft:dropped":{"minecraft:bread":12,"minecraft:oak_log":30,"minecraft:stone_sword":1,"minecraft:carrot":12,"patchouli:guide_book":1,"minecraft:mushroom_stew":4,"minecraft:stick":8,"create:copper_diving_helmet":1,"ars_nouveau:worn_notebook":2,"minecraft:torch":12,"create:copper_diving_boots":1,"minecraft:stone_pickaxe":2,"minecraft:iron_shovel":1,"minecraft:paper":8}},"DataVersion":3465}