{"stats":{"minecraft:killed_by":{"minecraft:zombie":1,"mowziesmobs:umvuthana_follower_raptor":1},"minecraft:picked_up":{"minecraft:crafting_table":1,"minecraft:oak_log":67,"minecraft:dirt":34,"minecraft:moss_carpet":7,"minecraft:raw_copper":155,"minecraft:bone":2,"minecraft:wheat_seeds":4,"twigs:twig":7,"minecraft:oak_planks":2,"biomesoplenty:toadstool":2,"minecraft:raw_iron":3,"patchouli:guide_book":1,"minecraft:torch":3,"minecraft:carrot":22,"mekanism:raw_tin":1,"ars_nouveau:green_archwood_log":9,"minecraft:arrow":2,"immersiveengineering:seed":5,"minecraft:bread":25,"minecraft:oak_sapling":8,"minecraft:coal":69,"alexsmobs:flying_fish":2,"minecraft:cobblestone":252},"minecraft:mined":{"ars_nouveau:green_archwood_log":9,"farmersdelight:wild_carrots":15,"biomesoplenty:desert_grass":1,"minecraft:crafting_table":1,"minecraft:torch":2,"minecraft:grass_block":7,"mekanism:tin_ore":1,"minecraft:copper_ore":45,"minecraft:cobblestone":2,"minecraft:oak_planks":2,"minecraft:iron_ore":3,"minecraft:moss_carpet":1,"minecraft:grass":20,"minecraft:coal_ore":68,"minecraft:oak_log":68,"minecraft:dirt":5,"minecraft:stone":245,"minecraft:oak_leaves":12},"minecraft:crafted":{"minecraft:oak_planks":132,"minecraft:stone_shovel":1,"minecraft:crafting_table":4,"minecraft:wooden_pickaxe":1,"minecraft:furnace":6,"minecraft:stone_axe":1,"minecraft:stick":74,"minecraft:stone_pickaxe":6,"minecraft:wooden_axe":1,"minecraft:stone_sword":1,"minecraft:torch":116,"minecraft:stone_hoe":1},"minecraft:custom":{"minecraft:interact_with_furnace":4,"minecraft:interact_with_crafting_table":12,"minecraft:open_barrel":5,"minecraft:damage_dealt_resisted":1,"minecraft:leave_game":4,"minecraft:time_since_death":64909,"minecraft:sleep_in_bed":3,"minecraft:climb_one_cm":1510,"minecraft:time_since_rest":3399,"minecraft:sprint_one_cm":131693,"minecraft:damage_taken":899,"minecraft:walk_one_cm":193232,"minecraft:drop":16,"minecraft:damage_dealt":20,"minecraft:swim_one_cm":1840,"minecraft:fly_one_cm":137684,"minecraft:open_chest":3,"minecraft:crouch_one_cm":3467,"minecraft:play_time":70242,"minecraft:deaths":2,"minecraft:sneak_time":962,"minecraft:walk_under_water_one_cm":2778,"minecraft:boat_one_cm":11621,"minecraft:jump":805,"minecraft:walk_on_water_one_cm":6093,"minecraft:total_world_time":70242,"minecraft:fall_one_cm":10725},"minecraft:dropped":{"minecraft:bread":12,"minecraft:oak_log":30,"minecraft:stone_sword":1,"minecraft:carrot":12,"patchouli:guide_book":1,"minecraft:stick":8,"minecraft:torch":12,"minecraft:stone_pickaxe":2},"minecraft:used":{"minecraft:wheat_seeds":4,"minecraft:stone_pickaxe":352,"immersiveengineering:seed":5,"minecraft:oak_planks":22,"minecraft:wooden_pickaxe":13,"minecraft:stone_hoe":31,"minecraft:torch":44,"minecraft:dirt":32,"minecraft:crafting_table":5,"minecraft:carrot":10,"minecraft:wooden_axe":64,"minecraft:bread":3,"minecraft:stone_axe":1,"minecraft:cobblestone":18,"minecraft:furnace":4},"minecraft:broken":{"minecraft:stone_pickaxe":2,"minecraft:wooden_axe":1}},"DataVersion":3465}