{"stats":{"minecraft:killed":{"embers:ancient_golem":1,"minecraft:spider":2,"mekanismadditions:baby_skeleton":1,"minecraft:skeleton":1,"minecraft:zombie":3},"minecraft:custom":{"minecraft:mob_kills":8,"minecraft:interact_with_crafting_table":23,"minecraft:open_barrel":7,"minecraft:damage_dealt_resisted":1,"minecraft:eat_cake_slice":7,"minecraft:leave_game":7,"minecraft:time_since_death":128682,"minecraft:climb_one_cm":1510,"minecraft:sprint_one_cm":352231,"minecraft:walk_one_cm":356536,"minecraft:damage_blocked_by_shield":265,"minecraft:drop":23,"minecraft:play_time":134015,"minecraft:deaths":2,"minecraft:sneak_time":1845,"minecraft:walk_under_water_one_cm":5713,"minecraft:boat_one_cm":11621,"minecraft:jump":1962,"minecraft:walk_on_water_one_cm":7910,"minecraft:total_world_time":134015,"minecraft:interact_with_furnace":15,"minecraft:interact_with_loom":1,"minecraft:sleep_in_bed":4,"minecraft:time_since_rest":14166,"minecraft:waystone_activated":1,"minecraft:damage_taken":1320,"minecraft:damage_dealt":1410,"minecraft:swim_one_cm":8991,"minecraft:fly_one_cm":350333,"minecraft:open_chest":17,"minecraft:crouch_one_cm":6467,"minecraft:fall_one_cm":33896},"minecraft:used":{"minecraft:stone_shovel":13,"immersiveengineering:seed":5,"minecraft:shield":10,"minecraft:stone_hoe":357,"minecraft:torch":71,"minecraft:dirt":32,"minecraft:carrot":10,"minecraft:wooden_axe":64,"minecraft:furnace":8,"create:copper_diving_boots":1,"minecraft:cobbled_deepslate":10,"minecraft:wheat_seeds":4,"minecraft:stone_pickaxe":426,"minecraft:oak_planks":36,"minecraft:wooden_pickaxe":13,"create:copper_diving_helmet":1,"minecraft:crafting_table":7,"minecraft:bread":14,"minecraft:iron_pickaxe":74,"minecraft:stone_axe":18,"minecraft:cobblestone":97,"minecraft:pumpkin_pie":3},"minecraft:broken":{"minecraft:stone_pickaxe":2,"minecraft:wooden_axe":1},"minecraft:mined":{"farmersdelight:wild_carrots":15,"biomesoplenty:desert_grass":67,"upgrade_aquatic:embedded_ammonite":1,"biomesoplenty:bush":11,"minecraft:allium":3,"minecraft:grass_block":7,"minecraft:spruce_leaves":2,"minecraft:hay_block":51,"farmersdelight:wild_onions":14,"minecraft:furnace":4,"minecraft:iron_ore":7,"minecraft:andesite":8,"minecraft:moss_carpet":1,"minecraft:pumpkin":1,"minecraft:peony":2,"minecraft:stone":367,"botania:light_blue_mystical_flower":1,"twigs:pebble":1,"ars_nouveau:green_archwood_log":9,"farmersdelight:organic_compost":4,"minecraft:melon_stem":11,"biomesoplenty:wildflower":29,"minecraft:crafting_table":2,"minecraft:torch":2,"mekanism:tin_ore":1,"minecraft:copper_ore":45,"minecraft:tall_grass":15,"minecraft:cobblestone":2,"botania:blue_mystical_flower":2,"minecraft:oak_planks":2,"supplementaries:urn":1,"minecraft:wheat":68,"minecraft:grass":484,"minecraft:coal_ore":75,"minecraft:oak_log":68,"mekanism:lead_ore":2,"neapolitan:vanilla_vine_plant":1,"minecraft:sand":13,"minecraft:dirt":5,"minecraft:oak_leaves":25},"minecraft:killed_by":{"mowziesmobs:umvuthana_follower_raptor":1,"minecraft:zombie":1},"minecraft:picked_up":{"ars_nouveau:red_archwood_log":22,"minecraft:crafting_table":2,"minecraft:allium":33,"minecraft:wheat":40,"minecraft:shield":1,"forbidden_arcanus:xpetrified_orb":1,"minecraft:string":1,"minecraft:moss_carpet":7,"minecraft:raw_copper":155,"minecraft:candle":1,"twigs:pebble":1,"upgrade_aquatic:embedded_ammonite":1,"biomesoplenty:wildflower":23,"minecraft:furnace":4,"minecraft:raw_iron":7,"minecraft:torch":5,"minecraft:carrot":23,"mekanism:raw_tin":1,"ars_nouveau:green_archwood_log":9,"minecraft:arrow":7,"minecraft:rotten_flesh":2,"minecraft:peony":1,"farmersdelight:onion":13,"ars_nouveau:worn_notebook":1,"minecraft:hay_block":51,"botania:blue_mystical_flower":1,"embers:archaic_brick":20,"alexsmobs:flying_fish":2,"minecraft:cobblestone":382,"minecraft:stripped_oak_log":1,"mekanism:raw_lead":2,"minecraft:andesite":24,"minecraft:oak_log":67,"minecraft:dirt":34,"neapolitan:vanilla_pods":1,"botania:light_blue_mystical_flower":1,"farmersdelight:organic_compost":5,"minecraft:bone":4,"minecraft:wheat_seeds":176,"minecraft:iron_ingot":1,"twigs:twig":7,"minecraft:oak_planks":2,"biomesoplenty:toadstool":2,"minecraft:pumpkin":9,"patchouli:guide_book":1,"minecraft:sand":12,"minecraft:spider_eye":2,"immersiveengineering:seed":51,"minecraft:granite":2,"minecraft:bread":25,"minecraft:oak_sapling":8,"minecraft:melon_seeds":3,"minecraft:coal":112,"embers:ancient_motive_core":1},"minecraft:crafted":{"minecraft:oak_planks":132,"create:copper_diving_boots":2,"minecraft:stone_shovel":1,"minecraft:iron_nugget":9,"minecraft:furnace":6,"minecraft:glass":12,"ars_nouveau:novice_spell_book":1,"minecraft:iron_axe":1,"minecraft:stone_pickaxe":6,"minecraft:stone_hoe":3,"create:andesite_alloy":4,"minecraft:crafting_table":5,"minecraft:wooden_pickaxe":1,"minecraft:iron_sword":1,"minecraft:copper_ingot":64,"minecraft:stone_axe":1,"minecraft:air":0,"minecraft:book":1,"minecraft:stick":86,"minecraft:wooden_axe":1,"minecraft:stone_sword":1,"minecraft:iron_shovel":2,"create:copper_diving_helmet":2,"minecraft:torch":116},"minecraft:dropped":{"minecraft:bread":12,"minecraft:oak_log":30,"minecraft:mushroom_stew":4,"minecraft:stick":8,"create:copper_diving_helmet":1,"ars_nouveau:worn_notebook":2,"minecraft:torch":12,"create:copper_diving_boots":1,"minecraft:iron_shovel":1,"minecraft:paper":8,"minecraft:stone_sword":1,"minecraft:carrot":12,"patchouli:guide_book":1,"minecraft:stone_pickaxe":2}},"DataVersion":3465}