{"stats":{"minecraft:killed_by":{"minecraft:zombie":1,"mowziesmobs:umvuthana_follower_raptor":1},"minecraft:killed":{"embers:ancient_golem":1,"minecraft:spider":2,"minecraft:skeleton":1,"mekanismadditions:baby_skeleton":1,"minecraft:zombie":1},"minecraft:picked_up":{"minecraft:crafting_table":1,"minecraft:andesite":24,"minecraft:oak_log":67,"minecraft:shield":1,"minecraft:string":1,"minecraft:dirt":34,"minecraft:moss_carpet":7,"minecraft:raw_copper":155,"minecraft:bone":3,"minecraft:wheat_seeds":4,"minecraft:iron_ingot":1,"twigs:twig":7,"minecraft:oak_planks":2,"biomesoplenty:toadstool":2,"minecraft:raw_iron":3,"patchouli:guide_book":1,"minecraft:torch":3,"minecraft:sand":12,"minecraft:carrot":22,"minecraft:spider_eye":2,"mekanism:raw_tin":1,"ars_nouveau:green_archwood_log":9,"minecraft:arrow":5,"immersiveengineering:seed":5,"embers:archaic_brick":20,"minecraft:bread":25,"minecraft:oak_sapling":8,"minecraft:coal":69,"alexsmobs:flying_fish":2,"minecraft:cobblestone":272,"embers:ancient_motive_core":1},"minecraft:mined":{"ars_nouveau:green_archwood_log":9,"farmersdelight:wild_carrots":15,"biomesoplenty:desert_grass":1,"minecraft:crafting_table":1,"minecraft:torch":2,"minecraft:grass_block":7,"mekanism:tin_ore":1,"minecraft:copper_ore":45,"minecraft:cobblestone":2,"minecraft:oak_planks":2,"minecraft:iron_ore":3,"minecraft:andesite":8,"minecraft:moss_carpet":1,"minecraft:grass":20,"minecraft:coal_ore":68,"minecraft:oak_log":68,"minecraft:sand":13,"minecraft:dirt":5,"minecraft:stone":263,"minecraft:oak_leaves":12},"minecraft:crafted":{"minecraft:oak_planks":132,"create:copper_diving_boots":2,"create:andesite_alloy":4,"minecraft:stone_shovel":1,"minecraft:iron_nugget":9,"minecraft:crafting_table":4,"minecraft:wooden_pickaxe":1,"minecraft:furnace":6,"minecraft:copper_ingot":64,"minecraft:stone_axe":1,"minecraft:air":0,"minecraft:glass":3,"minecraft:stick":74,"minecraft:stone_pickaxe":6,"minecraft:wooden_axe":1,"minecraft:stone_sword":1,"create:copper_diving_helmet":2,"minecraft:torch":116,"minecraft:stone_hoe":1},"minecraft:custom":{"minecraft:interact_with_furnace":8,"minecraft:mob_kills":6,"minecraft:interact_with_crafting_table":15,"minecraft:open_barrel":5,"minecraft:damage_dealt_resisted":1,"minecraft:leave_game":4,"minecraft:time_since_death":76909,"minecraft:sleep_in_bed":3,"minecraft:climb_one_cm":1510,"minecraft:time_since_rest":15399,"minecraft:sprint_one_cm":158122,"minecraft:damage_taken":1051,"minecraft:walk_one_cm":217064,"minecraft:damage_blocked_by_shield":265,"minecraft:drop":18,"minecraft:damage_dealt":1410,"minecraft:swim_one_cm":5089,"minecraft:fly_one_cm":155662,"minecraft:open_chest":4,"minecraft:crouch_one_cm":3531,"minecraft:play_time":82242,"minecraft:deaths":2,"minecraft:sneak_time":1221,"minecraft:walk_under_water_one_cm":5656,"minecraft:boat_one_cm":11621,"minecraft:jump":935,"minecraft:walk_on_water_one_cm":7490,"minecraft:total_world_time":82242,"minecraft:fall_one_cm":13566},"minecraft:dropped":{"minecraft:bread":12,"minecraft:oak_log":30,"minecraft:stone_sword":1,"minecraft:carrot":12,"patchouli:guide_book":1,"minecraft:stick":8,"create:copper_diving_helmet":1,"minecraft:torch":12,"create:copper_diving_boots":1,"minecraft:stone_pickaxe":2},"minecraft:used":{"minecraft:wheat_seeds":4,"minecraft:stone_shovel":13,"minecraft:stone_pickaxe":378,"immersiveengineering:seed":5,"minecraft:oak_planks":22,"minecraft:shield":10,"minecraft:wooden_pickaxe":13,"create:copper_diving_helmet":1,"minecraft:stone_hoe":31,"minecraft:torch":48,"minecraft:dirt":32,"minecraft:crafting_table":5,"minecraft:carrot":10,"minecraft:wooden_axe":64,"minecraft:bread":7,"minecraft:stone_axe":17,"minecraft:cobblestone":18,"minecraft:furnace":4,"create:copper_diving_boots":1},"minecraft:broken":{"minecraft:stone_pickaxe":2,"minecraft:wooden_axe":1}},"DataVersion":3465}