{"stats":{"minecraft:custom":{"minecraft:time_since_rest":1320,"minecraft:sprint_one_cm":217804,"minecraft:damage_taken":1415,"minecraft:walk_one_cm":165190,"minecraft:mob_kills":1,"minecraft:drop":28,"minecraft:damage_dealt":10,"minecraft:swim_one_cm":487,"minecraft:talked_to_villager":2,"minecraft:interact_with_crafting_table":6,"minecraft:fly_one_cm":120434,"minecraft:open_barrel":6,"minecraft:open_chest":2,"minecraft:crouch_one_cm":9,"minecraft:play_time":40808,"minecraft:deaths":4,"minecraft:sneak_time":31,"minecraft:walk_under_water_one_cm":29,"minecraft:jump":728,"minecraft:leave_game":1,"minecraft:walk_on_water_one_cm":421,"minecraft:time_since_death":30313,"minecraft:climb_one_cm":387,"minecraft:sleep_in_bed":2,"minecraft:total_world_time":40808,"minecraft:fall_one_cm":13788},"minecraft:killed_by":{"mekanismadditions:baby_skeleton":2,"minecraft:skeleton":1},"minecraft:dropped":{"minecraft:bread":28},"minecraft:crafted":{"minecraft:oak_boat":5,"minecraft:oak_planks":204,"minecraft:crafting_table":1,"minecraft:stick":4,"minecraft:wooden_pickaxe":1,"minecraft:wooden_axe":1,"minecolonies:supplychestdeployer":1,"minecraft:bread":10,"minecraft:wheat":117},"minecraft:used":{"minecraft:wooden_axe":49,"minecraft:bread":8,"minecraft:oak_planks":10,"minecraft:wooden_pickaxe":5,"minecraft:dirt":16,"minecraft:crafting_table":4,"minecraft:white_bed":4,"minecraft:oak_boat":1,"minecraft:coarse_dirt":2,"minecolonies:supplychestdeployer":1},"minecraft:picked_up":{"minecraft:coarse_dirt":9,"minecraft:crafting_table":3,"minecraft:pumpkin":11,"patchouli:guide_book":2,"integrateddynamics:on_the_dynamics_of_integration":3,"minecraft:dandelion":3,"twigs:bronzed_seashell":1,"minecraft:oak_log":51,"minecraft:white_bed":6,"minecraft:dirt":29,"alexsmobs:animal_dictionary":2,"twigs:opaline_seashell":3,"minecraft:bone":2,"immersiveengineering:seed":2,"minecraft:wheat_seeds":1,"ars_nouveau:worn_notebook":2,"minecraft:hay_block":29,"minecraft:oak_boat":1,"minecraft:poppy":9,"supplementaries:ash":1,"minecraft:oak_sapling":1,"twigs:tangerine_seashell":1,"minecraft:cobblestone":1,"minecraft:oxeye_daisy":22},"minecraft:mined":{"minecraft:hay_block":29,"minecraft:white_bed":6,"twigs:tangerine_seashell":1,"minecraft:dandelion":1,"minecraft:pumpkin":11,"twigs:bronzed_seashell":1,"minecraft:crafting_table":3,"minecraft:grass":7,"minecraft:grass_block":4,"minecraft:oak_log":51,"minecraft:poppy":3,"minecraft:dirt":2,"twigs:opaline_seashell":3,"minecraft:oxeye_daisy":7,"minecraft:oak_leaves":15}},"DataVersion":3465}