{"stats":{"minecraft:killed":{"minecraft:zombie_villager":1,"minecraft:spider":4,"embers:ancient_golem":1,"minecraft:skeleton":5,"mekanismadditions:baby_skeleton":1,"alexsmobs:cockroach":1,"minecraft:zombie":4,"creeperoverhaul:ocean_creeper":1},"minecraft:picked_up":{"minecraft:crafting_table":2,"minecraft:andesite":17,"minecraft:salmon":2,"twigs:roseate_seashell":1,"integrateddynamics:on_the_dynamics_of_integration":1,"minecraft:mushroom_stew":4,"minecraft:oak_log":30,"supplementaries:flax_seeds":4,"create:copper_diving_boots":1,"forbidden_arcanus:xpetrified_orb":5,"minecraft:dirt":1,"minecraft:string":5,"minecraft:bone":15,"minecraft:iron_ingot":3,"minecraft:stone_pickaxe":2,"minecraft:cobweb":4,"minecraft:furnace":1,"minecraft:raw_iron":31,"minecraft:stick":8,"malum:raw_soulstone":4,"embers:archaic_light":1,"patchouli:guide_book":1,"minecraft:torch":22,"minecraft:amethyst_shard":11,"embers:lead_crystal_seed":1,"minecraft:carrot":5,"embers:gold_crystal_seed":1,"mekanism:raw_osmium":9,"mekanism:raw_tin":4,"create:copper_diving_helmet":1,"minecraft:stone_sword":1,"minecraft:arrow":4,"minecraft:rotten_flesh":3,"minecraft:diamond":2,"ecologics:coconut_log":3,"minecraft:granite":3,"minecraft:gold_ingot":2,"minecraft:bread":12,"twigs:tangerine_seashell":1,"minecraft:coal":66,"minecraft:cobblestone":70,"embers:ancient_motive_core":1},"minecraft:mined":{"mekanism:osmium_ore":9,"malum:soulstone_ore":4,"minecraft:crafting_table":2,"minecraft:torch":1,"minecraft:granite":3,"minecraft:grass_block":1,"embers:archaic_light":1,"twigs:roseate_seashell":1,"ecologics:coconut_leaves":2,"mekanism:tin_ore":4,"ecologics:coconut_log":3,"minecraft:wall_torch":3,"supplementaries:urn":5,"minecraft:furnace":1,"forbidden_arcanus:xpetrified_ore":5,"minecraft:iron_ore":32,"twigs:tangerine_seashell":1,"minecraft:andesite":17,"minecraft:grass":1,"minecraft:coal_ore":44,"embers:gold_crystal_seed":1,"embers:lead_crystal_seed":1,"minecraft:stone":87},"minecraft:crafted":{"minecraft:oak_planks":120,"minecraft:crafting_table":1,"minecraft:furnace":1,"minecraft:stone_axe":1,"minecraft:air":0,"woodworks:oak_chest":1,"minecraft:shield":2,"minecraft:iron_ingot":8,"minecraft:iron_pickaxe":1,"minecraft:torch":16},"minecraft:custom":{"minecraft:interact_with_furnace":17,"minecraft:interact_with_anvil":1,"minecraft:mob_kills":18,"minecraft:interact_with_crafting_table":10,"minecraft:time_since_death":45596,"minecraft:climb_one_cm":400,"minecraft:time_since_rest":45596,"minecraft:sprint_one_cm":75569,"minecraft:damage_taken":698,"minecraft:walk_one_cm":116560,"minecraft:damage_blocked_by_shield":825,"minecraft:drop":11,"minecraft:damage_dealt":2755,"minecraft:swim_one_cm":8639,"minecraft:fly_one_cm":85612,"minecraft:open_chest":5,"minecraft:crouch_one_cm":2482,"minecraft:play_time":45596,"minecraft:sneak_time":1919,"minecraft:walk_under_water_one_cm":1990,"minecraft:jump":659,"minecraft:walk_on_water_one_cm":3747,"minecraft:total_world_time":45596,"minecraft:fall_one_cm":12447},"minecraft:used":{"minecraft:stone_sword":52,"minecraft:stone_pickaxe":154,"minecraft:oak_planks":2,"woodworks:oak_chest":1,"minecraft:shield":35,"minecraft:torch":37,"minecraft:dirt":1,"minecraft:crafting_table":2,"minecraft:mushroom_stew":1,"minecraft:bread":10,"minecraft:iron_pickaxe":59,"twigs:tangerine_seashell":1,"minecraft:stone_axe":6,"minecraft:cobblestone":5,"minecraft:furnace":2,"ecologics:coconut_log":3,"alexsmobs:animal_dictionary":1},"minecraft:dropped":{"minecraft:iron_ingot":1,"twigs:roseate_seashell":1,"forbidden_arcanus:xpetrified_orb":1,"patchouli:guide_book":1,"minecraft:shield":1,"minecraft:andesite":16,"minecraft:stone_pickaxe":2}},"DataVersion":3465}