{"stats":{"minecraft:picked_up":{"twigs:roseate_seashell":1,"integrateddynamics:on_the_dynamics_of_integration":1,"ecologics:coconut_log":3,"twigs:tangerine_seashell":1,"minecraft:dirt":1},"minecraft:mined":{"minecraft:grass_block":1,"twigs:roseate_seashell":1,"ecologics:coconut_leaves":2,"twigs:tangerine_seashell":1,"ecologics:coconut_log":3},"minecraft:custom":{"minecraft:time_since_rest":9596,"minecraft:play_time":9596,"minecraft:sprint_one_cm":16693,"minecraft:damage_taken":50,"minecraft:walk_one_cm":11218,"minecraft:sneak_time":1,"minecraft:walk_under_water_one_cm":1618,"minecraft:drop":1,"minecraft:jump":99,"minecraft:damage_dealt":10,"minecraft:time_since_death":9596,"minecraft:walk_on_water_one_cm":875,"minecraft:total_world_time":9596,"minecraft:swim_one_cm":5888,"minecraft:fall_one_cm":1683,"minecraft:fly_one_cm":21761},"minecraft:dropped":{"twigs:roseate_seashell":1},"minecraft:used":{"twigs:tangerine_seashell":1,"minecraft:dirt":1,"ecologics:coconut_log":3}},"DataVersion":3465}