{"stats":{"minecraft:killed":{"minecraft:zombie_villager":1,"minecraft:spider":4,"embers:ancient_golem":4,"minecraft:skeleton":5,"mekanismadditions:baby_skeleton":1,"alexsmobs:cockroach":1,"minecraft:zombie":4,"creeperoverhaul:ocean_creeper":1},"minecraft:picked_up":{"minecraft:crafting_table":2,"minecraft:andesite":24,"minecraft:salmon":2,"twigs:roseate_seashell":1,"integrateddynamics:on_the_dynamics_of_integration":1,"minecraft:mushroom_stew":4,"minecraft:oak_log":30,"supplementaries:flax_seeds":4,"create:copper_diving_boots":1,"botania:red_mushroom":1,"forbidden_arcanus:xpetrified_orb":5,"minecraft:dirt":1,"minecraft:string":5,"minecraft:bone":19,"minecraft:iron_ingot":3,"minecraft:stone_pickaxe":3,"minecraft:cobweb":4,"galosphere:raw_silver":1,"minecraft:furnace":1,"minecraft:raw_iron":56,"minecraft:stick":8,"embers:iron_crystal_seed":1,"malum:raw_soulstone":4,"embers:archaic_light":1,"patchouli:guide_book":1,"minecraft:torch":22,"minecraft:amethyst_shard":11,"minecraft:diorite":3,"embers:lead_crystal_seed":1,"minecraft:carrot":5,"embers:gold_crystal_seed":1,"mekanism:raw_osmium":9,"mekanism:raw_tin":5,"create:copper_diving_helmet":1,"embers:raw_lead":2,"minecraft:stone_sword":1,"minecraft:arrow":4,"minecraft:rotten_flesh":3,"minecraft:diamond":2,"mekanism:fluorite_gem":5,"ecologics:coconut_log":3,"minecraft:granite":4,"embers:archaic_brick":17,"minecraft:gold_ingot":2,"minecraft:bread":12,"supplementaries:ash":2,"twigs:rhyolite":1,"minecraft:skeleton_skull":1,"twigs:tangerine_seashell":1,"minecraft:coal":78,"minecraft:cobblestone":82,"embers:ancient_motive_core":4},"minecraft:mined":{"embers:ashen_brick":2,"mekanism:osmium_ore":9,"minecraft:mossy_cobblestone":1,"botania:red_mushroom":1,"malum:soulstone_ore":4,"minecraft:crafting_table":2,"minecraft:torch":1,"embers:archaic_bricks":2,"minecraft:granite":4,"minecraft:grass_block":1,"embers:archaic_light":1,"twigs:roseate_seashell":1,"ecologics:coconut_leaves":2,"embers:lead_ore":2,"mekanism:tin_ore":5,"galosphere:silver_ore":1,"ecologics:coconut_log":3,"embers:ashen_tile":1,"minecraft:sculk":2,"minecraft:diorite":3,"minecraft:wall_torch":3,"minecraft:skeleton_skull":1,"supplementaries:urn":7,"minecraft:furnace":1,"mekanism:fluorite_ore":1,"forbidden_arcanus:xpetrified_ore":6,"minecraft:iron_ore":52,"twigs:tangerine_seashell":1,"minecraft:andesite":24,"minecraft:grass":1,"valhelsia_structures:cracked_glazed_jar":1,"minecraft:coal_ore":56,"mekanism:deepslate_fluorite_ore":1,"embers:gold_crystal_seed":1,"twigs:rhyolite":17,"embers:lead_crystal_seed":1,"minecraft:stone":98,"embers:iron_crystal_seed":1,"create:limestone":3},"minecraft:crafted":{"minecraft:oak_planks":120,"minecraft:diamond_sword":1,"minecraft:crafting_table":1,"minecraft:furnace":1,"minecraft:stone_axe":1,"minecraft:air":0,"woodworks:oak_chest":1,"minecraft:iron_chestplate":2,"minecraft:shield":2,"minecraft:stick":16,"minecraft:iron_ingot":28,"minecraft:iron_pickaxe":1,"minecraft:iron_leggings":1,"minecraft:torch":72},"minecraft:custom":{"minecraft:interact_with_furnace":26,"minecraft:interact_with_anvil":1,"minecraft:mob_kills":21,"minecraft:interact_with_crafting_table":17,"minecraft:open_barrel":1,"minecraft:time_since_death":69596,"minecraft:climb_one_cm":400,"minecraft:time_since_rest":69596,"minecraft:sprint_one_cm":122368,"minecraft:damage_taken":990,"minecraft:walk_one_cm":196477,"minecraft:damage_blocked_by_shield":1010,"minecraft:drop":17,"minecraft:damage_dealt":3599,"minecraft:swim_one_cm":19815,"minecraft:fly_one_cm":111805,"minecraft:open_chest":10,"minecraft:crouch_one_cm":4988,"minecraft:play_time":69596,"minecraft:sneak_time":2798,"minecraft:walk_under_water_one_cm":15222,"minecraft:jump":1027,"minecraft:walk_on_water_one_cm":14065,"minecraft:total_world_time":69596,"minecraft:fall_one_cm":16812},"minecraft:used":{"minecraft:stone_sword":52,"minecraft:stone_pickaxe":154,"minecraft:oak_planks":2,"woodworks:oak_chest":1,"minecraft:shield":42,"minecraft:iron_chestplate":1,"minecraft:torch":86,"minecraft:dirt":1,"minecraft:crafting_table":3,"minecraft:mushroom_stew":3,"minecraft:bread":12,"minecraft:iron_pickaxe":153,"forbidden_arcanus:aureal_bottle":1,"twigs:tangerine_seashell":1,"minecraft:stone_axe":6,"minecraft:diamond_sword":15,"minecraft:cobblestone":14,"minecraft:furnace":2,"ecologics:coconut_log":3,"alexsmobs:animal_dictionary":1,"minecraft:iron_leggings":1},"minecraft:dropped":{"minecraft:iron_ingot":1,"twigs:roseate_seashell":1,"minecraft:bowl":1,"forbidden_arcanus:xpetrified_orb":1,"embers:ancient_motive_core":3,"mekanism:raw_tin":5,"patchouli:guide_book":1,"minecraft:shield":1,"minecraft:diorite":3,"minecraft:iron_chestplate":1,"minecraft:andesite":23,"minecraft:stone_pickaxe":2}},"DataVersion":3465}