{"stats":{"minecraft:picked_up":{"minecraft:stick":8,"minecraft:crafting_table":1,"minecraft:salmon":2,"minecraft:andesite":16,"patchouli:guide_book":1,"integrateddynamics:on_the_dynamics_of_integration":1,"twigs:roseate_seashell":1,"minecraft:torch":16,"minecraft:oak_log":30,"create:copper_diving_boots":1,"minecraft:carrot":5,"minecraft:string":2,"mekanism:raw_tin":4,"minecraft:dirt":1,"create:copper_diving_helmet":1,"minecraft:stone_sword":1,"minecraft:bone":2,"minecraft:rotten_flesh":3,"ecologics:coconut_log":3,"minecraft:granite":2,"minecraft:stone_pickaxe":2,"minecraft:bread":12,"twigs:tangerine_seashell":1,"minecraft:coal":29,"minecraft:cobblestone":69,"embers:ancient_motive_core":1},"minecraft:killed":{"minecraft:skeleton":1,"mekanismadditions:baby_skeleton":1,"minecraft:zombie":4,"creeperoverhaul:ocean_creeper":1,"minecraft:zombie_villager":1,"embers:ancient_golem":1,"minecraft:spider":1},"minecraft:mined":{"twigs:tangerine_seashell":1,"minecraft:andesite":16,"minecraft:crafting_table":1,"minecraft:torch":1,"minecraft:granite":2,"minecraft:grass":1,"minecraft:grass_block":1,"minecraft:coal_ore":33,"twigs:roseate_seashell":1,"ecologics:coconut_leaves":2,"mekanism:tin_ore":4,"ecologics:coconut_log":3,"minecraft:stone":86,"minecraft:wall_torch":3},"minecraft:crafted":{"woodworks:oak_chest":1,"minecraft:oak_planks":120,"minecraft:shield":2,"minecraft:iron_ingot":3,"minecraft:stone_axe":1,"minecraft:air":0},"minecraft:custom":{"minecraft:time_since_rest":33596,"minecraft:interact_with_furnace":10,"minecraft:sprint_one_cm":50731,"minecraft:damage_taken":542,"minecraft:walk_one_cm":73213,"minecraft:damage_blocked_by_shield":455,"minecraft:mob_kills":10,"minecraft:drop":8,"minecraft:damage_dealt":1804,"minecraft:interact_with_crafting_table":7,"minecraft:swim_one_cm":8639,"minecraft:fly_one_cm":58139,"minecraft:open_chest":4,"minecraft:crouch_one_cm":2306,"minecraft:play_time":33596,"minecraft:sneak_time":1777,"minecraft:walk_under_water_one_cm":1990,"minecraft:jump":443,"minecraft:walk_on_water_one_cm":3747,"minecraft:time_since_death":33596,"minecraft:total_world_time":33596,"minecraft:climb_one_cm":400,"minecraft:fall_one_cm":6933},"minecraft:used":{"minecraft:stone_sword":30,"minecraft:bread":7,"minecraft:stone_pickaxe":145,"woodworks:oak_chest":1,"minecraft:shield":21,"twigs:tangerine_seashell":1,"minecraft:stone_axe":5,"minecraft:torch":12,"minecraft:cobblestone":2,"minecraft:dirt":1,"minecraft:crafting_table":1,"ecologics:coconut_log":3,"alexsmobs:animal_dictionary":1},"minecraft:dropped":{"minecraft:iron_ingot":1,"minecraft:shield":1,"twigs:roseate_seashell":1,"minecraft:andesite":16,"patchouli:guide_book":1}},"DataVersion":3465}