{"stats":{"minecraft:killed":{"minecraft:spider":4,"embers:ancient_golem":4,"minecraft:skeleton":9,"mekanismadditions:baby_skeleton":3,"minecraft:zombie_villager":1,"alexsmobs:cockroach":1,"minecraft:zombie":4,"creeperoverhaul:ocean_creeper":1},"minecraft:custom":{"minecraft:interact_with_smithing_table":1,"minecraft:mob_kills":27,"minecraft:interact_with_anvil":1,"minecraft:interact_with_crafting_table":27,"minecraft:open_barrel":13,"minecraft:leave_game":1,"minecraft:time_since_death":130798,"minecraft:climb_one_cm":400,"minecraft:sprint_one_cm":182169,"minecraft:walk_one_cm":309942,"minecraft:damage_blocked_by_shield":1240,"minecraft:drop":21,"minecraft:play_time":130798,"minecraft:sneak_time":5612,"minecraft:walk_under_water_one_cm":15222,"minecraft:jump":1739,"minecraft:walk_on_water_one_cm":14093,"minecraft:total_world_time":130798,"minecraft:interact_with_furnace":46,"minecraft:interact_with_loom":12,"minecraft:time_since_rest":130798,"minecraft:damage_taken":1235,"minecraft:damage_dealt":4529,"minecraft:swim_one_cm":19815,"minecraft:fly_one_cm":179195,"minecraft:open_chest":43,"minecraft:crouch_one_cm":12850,"minecraft:fall_one_cm":30536},"minecraft:used":{"minecraft:stone_sword":52,"woodworks:oak_chest":4,"minecraft:shield":52,"minecraft:iron_chestplate":1,"minecraft:torch":92,"minecraft:dirt":1,"minecraft:carrot":6,"minecraft:iron_boots":1,"twigs:tangerine_seashell":1,"alexscaves:spelunkery_table":2,"minecraft:furnace":2,"minecraft:iron_leggings":1,"ars_nouveau:blue_archwood_sapling":1,"minecraft:stone_pickaxe":154,"minecraft:oak_planks":2,"minecraft:crafting_table":5,"minecraft:mushroom_stew":4,"alexscaves:cave_book":1,"minecraft:bread":12,"minecraft:iron_pickaxe":239,"forbidden_arcanus:aureal_bottle":1,"minecraft:stone_axe":27,"twigs:bronzed_seashell":5,"minecraft:diamond_sword":36,"minecraft:cobblestone":91,"ecologics:coconut_log":3,"minecraft:pumpkin_pie":1,"alexsmobs:animal_dictionary":1,"ars_nouveau:scribes_table":2},"minecraft:mined":{"embers:ashen_brick":2,"alexscaves:spelunkery_table":2,"minecraft:mossy_cobblestone":1,"botania:red_mushroom":1,"malum:soulstone_ore":4,"embers:archaic_bricks":2,"minecraft:granite":4,"minecraft:grass_block":1,"ecologics:coconut_leaves":2,"ecologics:coconut_log":3,"embers:ashen_tile":1,"forbidden_arcanus:deepslate_arcane_crystal_ore":3,"minecraft:furnace":1,"minecraft:iron_ore":52,"minecraft:cobbled_deepslate":4,"minecraft:andesite":24,"twigs:bronzed_seashell":2,"minecraft:sculk_shrieker":1,"minecraft:bookshelf":1,"minecraft:deepslate_iron_ore":3,"embers:lead_crystal_seed":1,"minecraft:stone":134,"embers:iron_crystal_seed":1,"create:limestone":3,"mekanism:osmium_ore":9,"minecraft:crafting_table":4,"minecraft:torch":1,"minecraft:emerald_ore":1,"embers:archaic_light":1,"twigs:roseate_seashell":1,"embers:lead_ore":2,"mekanism:tin_ore":5,"galosphere:silver_ore":1,"minecraft:cobblestone":4,"ars_nouveau:scribes_table":1,"minecraft:oak_planks":2,"ars_nouveau:blue_archwood_leaves":13,"minecraft:sculk":2,"minecraft:diorite":3,"minecraft:wall_torch":4,"supplementaries:urn":7,"minecraft:skeleton_skull":1,"ars_nouveau:blue_archwood_log":3,"forbidden_arcanus:xpetrified_ore":6,"mekanism:fluorite_ore":1,"twigs:tangerine_seashell":1,"minecraft:grass":2,"minecraft:oak_log":2,"minecraft:coal_ore":72,"valhelsia_structures:cracked_glazed_jar":1,"minecraft:gravel":1,"mekanism:deepslate_fluorite_ore":1,"minecraft:cobweb":5,"embers:gold_crystal_seed":1,"mekanism:deepslate_uranium_ore":6,"twigs:rhyolite":18,"create:crimsite":1,"minecraft:deepslate":8},"minecraft:picked_up":{"minecraft:crafting_table":4,"mekanism:raw_uranium":6,"twigs:roseate_seashell":1,"ars_nouveau:blue_archwood_sapling":1,"create:copper_diving_boots":1,"forbidden_arcanus:xpetrified_orb":5,"minecraft:string":7,"minecraft:iron_shovel":1,"minecraft:cobbled_deepslate":7,"minecraft:furnace":1,"minecraft:stick":8,"minecraft:raw_iron":60,"embers:archaic_light":1,"minecraft:torch":24,"ars_nouveau:blue_archwood_log":3,"minecraft:diorite":3,"minecraft:carrot":5,"embers:gold_crystal_seed":1,"mekanism:raw_tin":5,"minecraft:stone_sword":1,"minecraft:arrow":12,"minecraft:rotten_flesh":3,"minecraft:pumpkin_pie":6,"ars_nouveau:worn_notebook":2,"ecologics:coconut_log":3,"alexscaves:spelunkery_table":2,"embers:archaic_brick":17,"minecraft:gold_ingot":2,"supplementaries:ash":2,"twigs:tangerine_seashell":1,"minecraft:skeleton_skull":1,"minecraft:cobblestone":156,"minecraft:stripped_oak_log":1,"minecraft:salmon":2,"minecraft:andesite":24,"integrateddynamics:on_the_dynamics_of_integration":1,"minecraft:mushroom_stew":4,"minecraft:oak_log":32,"supplementaries:flax_seeds":4,"botania:red_mushroom":1,"ars_nouveau:scribes_table":1,"minecraft:paper":8,"minecraft:dirt":1,"minecraft:bone":27,"minecraft:iron_ingot":3,"minecraft:stone_pickaxe":3,"minecraft:cobweb":4,"galosphere:raw_silver":1,"minecraft:oak_planks":3,"minecraft:book":6,"embers:iron_crystal_seed":1,"malum:raw_soulstone":4,"patchouli:guide_book":1,"ars_nouveau:novice_spell_book":1,"minecraft:gravel":1,"twigs:bronzed_seashell":2,"minecraft:amethyst_shard":11,"embers:lead_crystal_seed":1,"mekanism:raw_osmium":9,"create:copper_diving_helmet":1,"embers:raw_lead":2,"forbidden_arcanus:arcane_crystal":3,"minecraft:diamond":2,"minecraft:granite":5,"mekanism:fluorite_gem":5,"minecraft:emerald":1,"minecraft:bread":12,"twigs:rhyolite":1,"minecraft:coal":80,"embers:ancient_motive_core":4},"minecraft:crafted":{"minecraft:oak_planks":124,"ars_nouveau:archwood_planks":4,"minecraft:furnace":1,"ars_nouveau:archwood_slab":6,"ars_nouveau:novice_spell_book":1,"minecraft:iron_boots":1,"minecraft:iron_axe":1,"minecraft:iron_hoe":1,"minecraft:diamond_sword":1,"minecraft:crafting_table":2,"minecraft:iron_helmet":1,"minecraft:iron_sword":1,"minecraft:bucket":1,"minecraft:stone_axe":1,"minecraft:air":0,"woodworks:oak_chest":4,"minecraft:gold_nugget":18,"minecraft:iron_chestplate":2,"minecraft:shield":2,"minecraft:stick":24,"minecraft:iron_ingot":75,"minecraft:iron_pickaxe":1,"minecraft:iron_leggings":1,"ars_nouveau:scribes_table":1,"minecraft:torch":72},"minecraft:dropped":{"minecraft:iron_ingot":1,"ars_nouveau:novice_spell_book":1,"minecraft:book":3,"forbidden_arcanus:xpetrified_orb":1,"embers:ancient_motive_core":3,"minecraft:diorite":3,"twigs:roseate_seashell":1,"minecraft:bowl":1,"minecraft:stripped_oak_log":1,"mekanism:raw_tin":5,"patchouli:guide_book":1,"minecraft:shield":1,"minecraft:iron_chestplate":1,"minecraft:andesite":23,"minecraft:stone_pickaxe":3}},"DataVersion":3465}