{"stats":{"minecraft:killed":{"minecraft:spider":4,"embers:ancient_golem":4,"minecraft:skeleton":7,"mekanismadditions:baby_skeleton":2,"minecraft:zombie_villager":1,"alexsmobs:cockroach":1,"minecraft:zombie":4,"creeperoverhaul:ocean_creeper":1},"minecraft:custom":{"minecraft:interact_with_smithing_table":1,"minecraft:mob_kills":24,"minecraft:interact_with_anvil":1,"minecraft:interact_with_crafting_table":19,"minecraft:open_barrel":12,"minecraft:time_since_death":87223,"minecraft:climb_one_cm":400,"minecraft:sprint_one_cm":145700,"minecraft:walk_one_cm":243091,"minecraft:damage_blocked_by_shield":1240,"minecraft:drop":18,"minecraft:play_time":87223,"minecraft:sneak_time":5334,"minecraft:walk_under_water_one_cm":15222,"minecraft:jump":1276,"minecraft:walk_on_water_one_cm":14065,"minecraft:total_world_time":87223,"minecraft:interact_with_furnace":32,"minecraft:interact_with_loom":4,"minecraft:time_since_rest":87223,"minecraft:damage_taken":1151,"minecraft:damage_dealt":4329,"minecraft:swim_one_cm":19815,"minecraft:fly_one_cm":121318,"minecraft:open_chest":13,"minecraft:crouch_one_cm":11976,"minecraft:fall_one_cm":21319},"minecraft:used":{"minecraft:stone_sword":52,"woodworks:oak_chest":1,"minecraft:shield":52,"minecraft:iron_chestplate":1,"minecraft:torch":91,"minecraft:dirt":1,"minecraft:carrot":2,"minecraft:iron_boots":1,"twigs:tangerine_seashell":1,"minecraft:furnace":2,"minecraft:iron_leggings":1,"minecraft:stone_pickaxe":154,"minecraft:oak_planks":2,"minecraft:crafting_table":4,"minecraft:mushroom_stew":4,"minecraft:bread":12,"minecraft:iron_pickaxe":182,"forbidden_arcanus:aureal_bottle":1,"minecraft:stone_axe":12,"minecraft:diamond_sword":32,"minecraft:cobblestone":51,"ecologics:coconut_log":3,"minecraft:pumpkin_pie":1,"alexsmobs:animal_dictionary":1},"minecraft:mined":{"embers:ashen_brick":2,"alexscaves:spelunkery_table":1,"minecraft:mossy_cobblestone":1,"botania:red_mushroom":1,"malum:soulstone_ore":4,"embers:archaic_bricks":2,"minecraft:granite":4,"minecraft:grass_block":1,"ecologics:coconut_leaves":2,"ecologics:coconut_log":3,"embers:ashen_tile":1,"forbidden_arcanus:deepslate_arcane_crystal_ore":3,"minecraft:furnace":1,"minecraft:iron_ore":52,"minecraft:cobbled_deepslate":3,"minecraft:andesite":24,"minecraft:sculk_shrieker":1,"minecraft:bookshelf":1,"minecraft:deepslate_iron_ore":3,"embers:lead_crystal_seed":1,"minecraft:stone":99,"embers:iron_crystal_seed":1,"create:limestone":3,"mekanism:osmium_ore":9,"minecraft:crafting_table":2,"minecraft:torch":1,"minecraft:emerald_ore":1,"embers:archaic_light":1,"twigs:roseate_seashell":1,"embers:lead_ore":2,"mekanism:tin_ore":5,"galosphere:silver_ore":1,"minecraft:oak_planks":2,"minecraft:sculk":2,"minecraft:diorite":3,"minecraft:wall_torch":3,"supplementaries:urn":7,"minecraft:skeleton_skull":1,"forbidden_arcanus:xpetrified_ore":6,"mekanism:fluorite_ore":1,"twigs:tangerine_seashell":1,"minecraft:grass":1,"minecraft:oak_log":2,"minecraft:coal_ore":56,"valhelsia_structures:cracked_glazed_jar":1,"minecraft:gravel":1,"mekanism:deepslate_fluorite_ore":1,"minecraft:cobweb":5,"embers:gold_crystal_seed":1,"mekanism:deepslate_uranium_ore":6,"twigs:rhyolite":18,"create:crimsite":1,"minecraft:deepslate":8},"minecraft:picked_up":{"minecraft:crafting_table":2,"mekanism:raw_uranium":6,"twigs:roseate_seashell":1,"create:copper_diving_boots":1,"forbidden_arcanus:xpetrified_orb":5,"minecraft:string":7,"minecraft:cobbled_deepslate":6,"minecraft:furnace":1,"minecraft:raw_iron":60,"minecraft:stick":8,"embers:archaic_light":1,"minecraft:torch":22,"minecraft:diorite":3,"minecraft:carrot":5,"embers:gold_crystal_seed":1,"mekanism:raw_tin":5,"minecraft:stone_sword":1,"minecraft:arrow":9,"minecraft:rotten_flesh":3,"minecraft:pumpkin_pie":6,"ecologics:coconut_log":3,"alexscaves:spelunkery_table":1,"embers:archaic_brick":17,"minecraft:gold_ingot":2,"supplementaries:ash":2,"twigs:tangerine_seashell":1,"minecraft:skeleton_skull":1,"minecraft:cobblestone":83,"minecraft:stripped_oak_log":1,"minecraft:salmon":2,"minecraft:andesite":24,"integrateddynamics:on_the_dynamics_of_integration":1,"minecraft:mushroom_stew":4,"minecraft:oak_log":32,"supplementaries:flax_seeds":4,"botania:red_mushroom":1,"minecraft:dirt":1,"minecraft:bone":26,"minecraft:iron_ingot":3,"minecraft:stone_pickaxe":3,"minecraft:cobweb":4,"galosphere:raw_silver":1,"minecraft:oak_planks":3,"minecraft:book":3,"embers:iron_crystal_seed":1,"malum:raw_soulstone":4,"patchouli:guide_book":1,"minecraft:gravel":1,"minecraft:amethyst_shard":11,"embers:lead_crystal_seed":1,"mekanism:raw_osmium":9,"create:copper_diving_helmet":1,"embers:raw_lead":2,"forbidden_arcanus:arcane_crystal":3,"minecraft:diamond":2,"minecraft:granite":4,"mekanism:fluorite_gem":5,"minecraft:bread":12,"minecraft:emerald":1,"twigs:rhyolite":1,"minecraft:coal":78,"embers:ancient_motive_core":4},"minecraft:crafted":{"minecraft:oak_planks":120,"minecraft:furnace":1,"minecraft:iron_boots":1,"minecraft:diamond_sword":1,"minecraft:crafting_table":2,"minecraft:iron_helmet":1,"minecraft:stone_axe":1,"minecraft:air":0,"woodworks:oak_chest":1,"minecraft:iron_chestplate":2,"minecraft:shield":2,"minecraft:stick":16,"minecraft:iron_ingot":35,"minecraft:iron_pickaxe":1,"minecraft:iron_leggings":1,"minecraft:torch":72},"minecraft:dropped":{"minecraft:iron_ingot":1,"forbidden_arcanus:xpetrified_orb":1,"embers:ancient_motive_core":3,"minecraft:diorite":3,"twigs:roseate_seashell":1,"minecraft:bowl":1,"mekanism:raw_tin":5,"patchouli:guide_book":1,"minecraft:shield":1,"minecraft:iron_chestplate":1,"minecraft:andesite":23,"minecraft:stone_pickaxe":3}},"DataVersion":3465}