{"stats":{"minecraft:killed":{"creeperoverhaul:ocean_creeper":1},"minecraft:picked_up":{"minecraft:stick":8,"minecraft:crafting_table":1,"minecraft:salmon":2,"minecraft:andesite":16,"patchouli:guide_book":1,"integrateddynamics:on_the_dynamics_of_integration":1,"twigs:roseate_seashell":1,"minecraft:torch":15,"minecraft:oak_log":30,"minecraft:carrot":5,"mekanism:raw_tin":4,"minecraft:dirt":1,"minecraft:stone_sword":1,"ecologics:coconut_log":3,"minecraft:granite":2,"minecraft:stone_pickaxe":2,"minecraft:bread":12,"twigs:tangerine_seashell":1,"minecraft:coal":29,"minecraft:cobblestone":46},"minecraft:mined":{"twigs:tangerine_seashell":1,"minecraft:andesite":16,"minecraft:crafting_table":1,"minecraft:torch":1,"minecraft:granite":2,"minecraft:grass":1,"minecraft:grass_block":1,"minecraft:coal_ore":33,"twigs:roseate_seashell":1,"ecologics:coconut_leaves":2,"mekanism:tin_ore":4,"ecologics:coconut_log":3,"minecraft:stone":58,"minecraft:wall_torch":3},"minecraft:crafted":{"woodworks:oak_chest":1,"minecraft:oak_planks":120,"minecraft:iron_ingot":3,"minecraft:stone_axe":1,"minecraft:air":0},"minecraft:custom":{"minecraft:time_since_rest":21596,"minecraft:interact_with_furnace":6,"minecraft:sprint_one_cm":31747,"minecraft:damage_taken":50,"minecraft:walk_one_cm":39203,"minecraft:mob_kills":1,"minecraft:drop":2,"minecraft:damage_dealt":170,"minecraft:interact_with_crafting_table":4,"minecraft:swim_one_cm":8639,"minecraft:fly_one_cm":44870,"minecraft:open_chest":1,"minecraft:crouch_one_cm":564,"minecraft:play_time":21596,"minecraft:sneak_time":508,"minecraft:walk_under_water_one_cm":1990,"minecraft:jump":280,"minecraft:walk_on_water_one_cm":3747,"minecraft:time_since_death":21596,"minecraft:total_world_time":21596,"minecraft:climb_one_cm":400,"minecraft:fall_one_cm":5888},"minecraft:dropped":{"twigs:roseate_seashell":1,"patchouli:guide_book":1},"minecraft:used":{"minecraft:stone_sword":2,"minecraft:bread":2,"minecraft:stone_pickaxe":117,"woodworks:oak_chest":1,"twigs:tangerine_seashell":1,"minecraft:stone_axe":2,"minecraft:torch":7,"minecraft:cobblestone":2,"minecraft:dirt":1,"minecraft:crafting_table":1,"ecologics:coconut_log":3,"alexsmobs:animal_dictionary":1}},"DataVersion":3465}