{"stats":{"minecraft:custom":{"minecraft:time_since_rest":3981,"minecraft:sprint_one_cm":90746,"minecraft:damage_taken":650,"minecraft:walk_one_cm":119695,"minecraft:mob_kills":4,"minecraft:drop":10,"minecraft:damage_dealt":399,"minecraft:swim_one_cm":6995,"minecraft:interact_with_crafting_table":5,"minecraft:fly_one_cm":35711,"minecraft:crouch_one_cm":393,"minecraft:play_time":35851,"minecraft:deaths":2,"minecraft:sneak_time":126,"minecraft:walk_under_water_one_cm":394,"minecraft:jump":433,"minecraft:leave_game":1,"minecraft:climb_one_cm":784,"minecraft:walk_on_water_one_cm":1120,"minecraft:time_since_death":3583,"minecraft:total_world_time":35851,"minecraft:fall_one_cm":3449},"minecraft:killed_by":{"mekanismadditions:baby_skeleton":1,"mowziesmobs:umvuthana_follower_raptor":1},"minecraft:dropped":{"minecraft:dirt":3,"minecraft:oxeye_daisy":7,"minecraft:poppy":3,"supplementaries:ash":1,"ars_nouveau:worn_notebook":1,"alexsmobs:animal_dictionary":1,"integrateddynamics:on_the_dynamics_of_integration":1,"patchouli:guide_book":1,"minecraft:dandelion":1,"minecraft:bone":2},"minecraft:crafted":{"minecraft:wooden_sword":1,"minecraft:oak_planks":28,"minecraft:stone_shovel":1,"minecraft:crafting_table":1,"minecraft:stick":20,"minecraft:wooden_pickaxe":2,"minecraft:stone_pickaxe":2,"minecraft:wooden_axe":1,"minecraft:torch":16},"minecraft:used":{"minecraft:wooden_axe":6,"minecraft:bread":3,"minecraft:stone_shovel":65,"minecraft:stone_pickaxe":135,"minecraft:wooden_pickaxe":39,"minecraft:torch":15,"minecraft:wooden_sword":12,"minecraft:cobblestone":7,"minecraft:crafting_table":4,"minecraft:coarse_dirt":3},"minecraft:killed":{"mekanismadditions:baby_skeleton":1,"minecraft:sheep":2,"minecraft:skeleton":1},"minecraft:mined":{"minecraft:coarse_dirt":5,"minecraft:iron_ore":4,"minecraft:andesite":12,"minecraft:crafting_table":4,"minecraft:granite":2,"minecraft:grass":4,"minecraft:oak_log":31,"minecraft:coal_ore":62,"minecraft:gravel":64,"minecraft:dirt":2,"minecraft:copper_ore":5,"minecraft:cobblestone":1,"minecraft:stone":87,"minecraft:oak_leaves":3,"minecraft:wall_torch":1},"minecraft:picked_up":{"minecraft:crafting_table":4,"minecraft:raw_iron":4,"minecraft:andesite":12,"integrateddynamics:on_the_dynamics_of_integration":1,"minecraft:torch":2,"minecraft:gravel":58,"minecraft:flint":5,"minecraft:oak_log":31,"minecraft:white_bed":1,"minecraft:dirt":1,"minecraft:raw_copper":18,"minecraft:bone":2,"minecraft:rotten_flesh":1,"twigs:pebble":27,"minecraft:granite":2,"minecraft:bread":3,"minecraft:mutton":4,"minecraft:white_wool":2,"supplementaries:ash":1,"minecraft:oak_sapling":3,"twigs:twig":2,"minecraft:coal":62,"minecraft:cobblestone":79,"minecraft:coarse_dirt":5}},"DataVersion":3465}